{
  "mappings": {
    "net/mehvahdjukaar/dummmmmmy/mixins/ToolItemMixin": {
      "hurtEnemy": "Lnet/minecraft/world/item/DiggerItem;m_7579_(Lnet/minecraft/world/item/ItemStack;Lnet/minecraft/world/entity/LivingEntity;Lnet/minecraft/world/entity/LivingEntity;)Z"
    },
    "net/mehvahdjukaar/dummmmmmy/mixins/SwordItemMixin": {
      "hurtEnemy": "Lnet/minecraft/world/item/SwordItem;m_7579_(Lnet/minecraft/world/item/ItemStack;Lnet/minecraft/world/entity/LivingEntity;Lnet/minecraft/world/entity/LivingEntity;)Z"
    }
  },
  "data": {
    "searge": {
      "net/mehvahdjukaar/dummmmmmy/mixins/ToolItemMixin": {
        "hurtEnemy": "Lnet/minecraft/world/item/DiggerItem;m_7579_(Lnet/minecraft/world/item/ItemStack;Lnet/minecraft/world/entity/LivingEntity;Lnet/minecraft/world/entity/LivingEntity;)Z"
      },
      "net/mehvahdjukaar/dummmmmmy/mixins/SwordItemMixin": {
        "hurtEnemy": "Lnet/minecraft/world/item/SwordItem;m_7579_(Lnet/minecraft/world/item/ItemStack;Lnet/minecraft/world/entity/LivingEntity;Lnet/minecraft/world/entity/LivingEntity;)Z"
      }
    }
  }
}